y_vert,InormAA
0.00964554,0.0125065
0.0833333,0.158842
0.25,0.0295127
0.416667,0.0282485
0.583333,0.0314843
0.75,0.0437882
