x_hor,InormBB
6.91024e-310,0.0121955
0.0833333,4.37182
0.25,2.7307
0.416667,2.84298
